iteration,kernel_time_ms
0,1.074739
1,1.099687
2,1.065208
3,1.048437
4,1.056041
5,1.065520
6,1.064166
7,1.075208
8,1.051770
9,1.157187
10,1.153177
11,1.140312
12,1.110677
13,1.035885
14,1.076562
15,1.066145
16,1.066666
17,1.070781
18,1.064583
19,1.083645
20,1.079218
21,1.071822
22,1.081666
23,1.117031
24,1.075000
25,1.045572
26,1.069739
27,1.048697
28,1.060833
29,1.084843
30,1.058489
31,1.067239
32,1.055260
33,1.078854
34,1.130104
35,2.095000
36,1.112239
37,1.083593
38,1.121979
39,1.081875
40,1.071302
41,1.103645
42,1.063125
43,1.076354
44,1.080000
45,1.117708
46,1.087968
47,1.093125
48,1.050572
49,1.066979
50,1.117760
51,1.064739
52,1.085208
53,1.089218
54,1.119739
55,1.070781
56,1.085260
57,1.110312
58,1.150208
59,2.128177
60,1.111197
61,1.104322
62,1.069479
63,1.099427
64,1.098593
65,1.116041
66,1.125260
67,1.115520
68,1.083281
69,1.095625
70,1.087395
71,1.090052
72,1.111666
73,1.056302
74,1.114427
75,1.068489
76,1.078333
77,1.082968
78,1.085989
79,1.111406
80,1.079270
81,1.084218
82,1.143802
83,1.170416
84,2.254583
85,1.139166
86,1.058125
87,1.103593
88,1.103072
89,1.134947
90,1.098125
91,1.107968
92,1.062916
93,1.675260
94,1.079322
95,1.100937
96,1.086093
97,1.066718
98,1.067083
99,1.130729
