iteration,kernel_time_ms
0,1.034687
1,1.051250
2,1.074687
3,1.076406
4,1.101927
5,1.368229
6,1.038385
7,1.172656
8,1.153854
9,2.040572
