iteration,kernel_time_ms
0,0.345364
1,0.239947
2,0.224791
3,0.226302
4,0.226979
5,0.253333
6,0.225156
7,0.215468
8,0.224739
9,0.213437
